input,output,model,bleu,bert,cosine,final_score,back_translation
"Dharwad peda (Kannada: ) is an Indian sweet delicacy unique to the state of Karnataka, India.",ਧਰਮਵਦ ਪੇੜਾ (ਕੰਨੜਃ) ਭਾਰਤ ਦੇ ਕਰਨਾਟਕ ਰਾਜ ਵਿੱਚ ਇੱਕ ਭਾਰਤੀ ਮਿੱਠੀ ਖ਼ੁਸ਼ੀ ਹੈ।,NLLB,0.3651,0.8697,0.3076,0.7572,Dharmavad Peda (Kannada: धर्मवद पेड़ा) is an Indian sweet delight in the Indian state of Karnataka.
New Publications To Meet Special Needs,ਵਿਸ਼ੇਸ਼ ਲੋੜਾਂ ਪੂਰੀਆਂ ਕਰਨ ਲਈ ਨਵੀਆਂ ਪਬਲਿਕੇਸ਼ਨ,NLLB,0.0577,0.9193,0.1998,0.7754,New publications to meet specific needs
Default sound type in the alarm edit dialog.,ਅਲਾਰਮ ਸੰਪਾਦਨ ਡਾਈਲਾਗ ਵਿੱਚ ਡਿਫਾਲਟ ਆਵਾਜ਼ ਟਾਈਪ ਕਰੋ ।,NLLB,0.2357,0.9513,0.3496,0.8309,Type the default sound in the Alarm Edit dialog.
"Sometimes, though, discussion about the lives of others is motivated by something other than concern.",ਪਰ ਕਈ ਵਾਰ ਦੂਸਰਿਆਂ ਦੀ ਜ਼ਿੰਦਗੀ ਬਾਰੇ ਗੱਲ ਕਰਨ ਦਾ ਮਕਸਦ ਚਿੰਤਾ ਤੋਂ ਇਲਾਵਾ ਕੁਝ ਹੋਰ ਕਰਕੇ ਹੁੰਦਾ ਹੈ ।,NLLB,0.0577,0.938,-0.0276,0.7449,But sometimes the purpose of talking about other people's lives is more than worry.
You can be sure that you will never regret it!,ਤੁਸੀਂ ਯਕੀਨੀ ਕਰ ਸਕਦੇ ਹੋ ਕਿ ਤੁਸੀਂ ਇਸ ਨੂੰ ਕਦੇ ਨਹੀਂ ਪਸੰਦ ਕਰੇਗਾ!,M2M,0.8367,0.9588,0.3152,0.8301,You can be sure that you will never like it!
"Questioned on the possibility of a post poll tie-up between the Congress and the SP-BSP-RLD grand alliance, he said the Congress is fighting on its own might and the results will be there for all parties to see.","ਕਾਂਗਰਸ ਅਤੇ ਐਸਪੀ-ਬੀਐਸਪੀ, ਆਰਐਲਡੀ ਦੇ ਗ੍ਰੇਡ ਅਲਾਇੰਸ ਵਿਚਾਲੇ ਚੋਣਾਂ ਤੋਂ ਬਾਅਦ ਟਾਈ-ਅੱਪ ਦੀ ਸੰਭਾਵਨਾ ਬਾਰੇ ਪੁੱਛੇ ਜਾਣ 'ਤੇ ਉਨ੍ਹਾਂ ਕਿਹਾ ਕਿ ਪਾਰਟੀ ਆਪਣੀ ਤਾਕਤ ਨਾਲ ਲੜ ਰਹੀ ਹੈ ਅਤੇ ਨਤੀਜੇ ਸਾਰੀਆਂ ਪਾਰਟੀਆਂ ਦੇ ਸਾਹਮਣੇ ਆਉਣਗੇ।",NLLB,0.423,0.9424,0.432,0.8403,"Asked about the possibility of tie-up after the election between the Congress and the SP-BSP, RLD's Grade Alliance, he said the party is fighting with its strength and the results will come out to all parties."
© (#169;) Copyright,© (# 169;) ਕਾਪੀਰਾਈਟ,M2M,0.1291,0.9837,0.9094,0.9688,© (# 169;) Copyright
"It is a layer in Earth`s atmosphere, that has relatively high concentrations of ozone.","ਇਹ ਧਰਤੀ ਦੇ ਵਾਯੂਮੰਡਲ ਵਿੱਚ ਇੱਕ ਪਰਤ ਹੈ, ਜਿਸ ਵਿੱਚ ਓਜ਼ੋਨ ਦੀ ਮੁਕਾਬਲਤਨ ਉੱਚ ਤਵੱਜੋ ਹੈ।",NLLB,0.5071,0.967,0.064,0.7864,It is a layer in the Earth's atmosphere with a relatively high concentration of ozone.
I vividly recall our meetings on the sidelines of G-20.,ਮੈਂ G-20 ਦੇ ਸਟੀਲ ਲਾਈਨਾਂ 'ਤੇ ਸਾਡੇ ਮੀਟਿੰਗਾਂ ਨੂੰ ਹਿੱਸਾ ਰੱਖਦੇ ਹਾਂ।,M2M,0.4045,0.9266,0.714,0.8841,I attend our meetings on the Steel Lines of the G20.
URI of an image file to burn (autodetected),ਚਿੱਤਰ ਕਰਨ ਲਈ ਈਮੇਜ਼ ਫਾਇਲ ਦੀ URI (ਆਟੋਡੈੱਟ ਕੀਤਾ),M2M,0.5181,0.9151,0.3537,0.8028,URI of image file to image (automated)
Accessible Table Summary,ਉਪਲੱਬਧ ਟੇਬਲ ਸਮੱਗਰੀ,M2M,0.0,0.9041,0.4474,0.8128,Available table materials
Sample rate: %1 %2,ਸੈਂਪਲ ਰੀਸ:% 1% 2,M2M,0.0913,0.91,0.8198,0.892,Sample rice:% 1% 2
But it cannot be all.,ਪਰ ਇਹ ਸਭ ਨਹੀਂ ਹੋ ਸਕਦਾ ਹੈ.,M2M,0.3162,0.9344,0.4794,0.8434,But that may not be all.
He is also a poet and writer.,ਉਸ ਵੀ ਕਲਾਕਾਰ ਅਤੇ ਕਲਾਕਾਰ ਹੈ।,M2M,0.4364,0.9586,0.5617,0.8792,He is also an artist and artist.
Shri modi said Economy and Ecology are not contradictory but complementary to each other.,ਸ਼੍ਰੀ ਮੋਦੀ ਨੇ ਕਿਹਾ ਕਿ ਅਰਥਸ਼ਾਸਤਰ ਅਤੇ ਵਾਤਾਵਰਣ ਇਕ-ਦੂਜੇ ਦੇ ਵਿਰੋਧੀ ਨਹੀਂ ਹਨ ਬਲਕਿ ਇੱਕ ਦੂਜੇ ਦੇ ਪੂਰਕ ਹਨ।,NLLB,0.2757,0.951,0.5154,0.8639,Shri Modi said that Economy and Environment are not opposites but complementary.
The current President Franois Olinda refused to contest the elections and his partys candidate was out of the ground in the first round of voting.,ਮੌਜੂਦਾ ਪ੍ਰਧਾਨ ਫਰਾਨੋਸ ਆਲਿਨਦਾ ਨੇ ਚੋਣ 'ਤੇ ਵਿਰੋਧ ਕਰਨ ਦਾ ਨੁਕਸਾਨ ਕੀਤਾ ਅਤੇ ਉਨ੍ਹਾਂ ਦੇ ਪਾਰਟੀ ਦੇ ਨਤੀਜੇ ਨੂੰ ਵਿਰੋਧ ਦੀ ਪਹਿਲੀ ਰੰਗ 'ਚ ਬਾਹਰ ਆਇਆ ਸੀ।,M2M,0.2341,0.8843,0.3967,0.7868,"The incumbent President, Fernando Alineda, lost the opposition to the election and his party's result came out in the first colour of opposition."
Logfile & path:,ਲਾਗਫਾਇਲ ਅਤੇ ਮਾਰਗ( P):,NLLB,0.0913,0.9312,0.3413,0.8132,Logfile and path ((P):
Track lengths below 4 seconds violate the Red Book standard.,ਟਰੈਕ ਲੰਬਾਈ 4 ਸਕਿੰਟ ਤੋਂ ਘੱਟ ਰੈੱਡ ਬੁੱਕ ਸਟੈਂਡਰਡ ਦੀ ਉਲੰਘਣਾ ਕਰਦੀ ਹੈ ।,NLLB,0.5045,0.9841,0.4596,0.8792,Track length less than 4 seconds violates the Red Book standard.
Iran has blamed Israel for the attack.,ਈਰਾਨ ਨੇ ਇਸ ਹਮਲੇ ਲਈ ਇਜ਼ਰਾਈਲ ਨੂੰ ਜ਼ਿੰਮੇਵਾਰ ਠਹਿਰਾਇਆ ਹੈ।,NLLB,1.0,1.0,0.0457,0.8091,Iran has blamed Israel for the attack.
"Gaurav Pundir of SD College and Gurjeet of Sarangpur village were the first and second runners-up, respectively.",ਐਸ. ਡੀ. ਕਾਲਜ ਦੇ ਗੌਰਵ ਪੁਂਦਰ ਅਤੇ ਸਰਾੰਗਪੁਰ ਪਿੰਡ ਦੇ ਗੁਰਜੀਤ ਪਹਿਲੇ ਅਤੇ ਦੂਜੇ ਸਥਾਨ ਤੇ ਸਨ।,NLLB,0.5941,0.957,0.1436,0.7943,Gaurav Pounder of SD College and Gurjit of Sarangpur village were in first and second place.
Others are also involved.,ਹੋਰ ਵੀ ਸ਼ਾਮਲ ਹਨ।,M2M,0.4137,0.9294,0.7076,0.885,Others are included.
An error occurred while detecting silences.,ਸ਼ਿਕਾਇਤ ਖੋਜ ਕਰਨ ਦੌਰਾਨ ਗਲਤੀ ਹੈ ।,M2M,0.0333,0.9095,0.3659,0.8008,There is an error in the investigation of a complaint.
Please insert an empty or appendable medium,ਖਾਲੀ ਜਾਂ ਜੋੜਨਯੋਗ ਮੀਡਿਅਮ ਦਿਓ ਜੀ,NLLB,0.488,0.9374,0.1358,0.7771,Please specify an empty or add-on medium
Delhi is far away.,ਦਿੱਲੀ ਬਹੁਤ ਦੂਰ ਹੈ।,NLLB,1.0,1.0,0.6407,0.9281,Delhi is far away.
Punjab ready for bumper wheat harvest of 182 lakh tonnes,ਪੰਜਾਬ 'ਚ 182 ਲੱਖ ਟਨ ਕਣਕ ਦੀ ਵਾਢੀ ਲਈ ਤਿਆਰੀ,NLLB,0.5394,0.9474,0.1976,0.7974,Preparation for harvest of 182 lakh tonnes of wheat in Punjab
"The airline is known for its customer service, comfort and state-of-the-art aircraft.","ਇਹ ਏਅਰਲਾਈਨ ਆਪਣੇ ਗਾਹਕ ਸੇਵਾ, ਆਰਾਮ ਅਤੇ ਆਧੁਨਿਕ ਜਹਾਜ਼ਾਂ ਲਈ ਜਾਣੀ ਜਾਂਦੀ ਹੈ।",NLLB,0.8257,0.9673,0.2504,0.824,"The airline is known for its customer service, comfort and modern flights."
"Set flags for partition %1 to ""%2""","partition% 1 ਲਈ ""% 2"" ਲਈ ਫਲੈਗ ਸੈੱਟ ਕਰੋ",M2M,0.0527,0.9267,0.7336,0.8881,"Set the flag for ""% 2"" for partition% 1"
Make new Snapshot,ਨਵਾਂ Snapshot ਬਣਾਓ,M2M,0.0913,0.9251,0.9138,0.9228,Create a new snapshot
Heavy Thunderstorm Rain Small Hail/ Snow Pellets,weather forecast,NLLB,0.0,0.8072,0.535,0.7528,weather forecast
Congress leaders death mourned,ਕਾਂਗਰਸ ਨੇਤਾਵਾਂ ਦੀ ਮੌਤ ਤੇ ਸੋਗ,NLLB,0.2582,0.9151,0.2685,0.7858,Death and mourning of Congress leaders
Juveria Abdul Majid Patni Vs,ਜੂਵਰੀਆ ਅਬੱਧ ਮਜਾਈਡ ਪਤਨੀ ਵਿਰੋਧੀ,M2M,0.0,0.8363,0.4474,0.7585,Juvria Abhadh Mazaid wife opposed
No distribution upgrade data is available,ਕੋਈ ਵੰਡ ਅੱਪਗਰੇਡ ਡਾਟਾ ਉਪਲੱਬਧ ਨਹੀਂ ਹੈ,NLLB,1.0,1.0,0.0755,0.8151,No distribution upgrade data is available
It is about the relationship of two friends -- a Pakistani and an Indian.,ਇਹ ਦੋ ਦੋ ਦੋਸਤਾਂ ਦੀ ਸੰਪਰਕ ਦੇ ਬਾਰੇ ਹੈ - ਇੱਕ ਪੈਕਸਟੇਨ ਅਤੇ ਇੱਕ ਇੰਡੀਆ।,M2M,0.4688,0.9537,0.4477,0.8525,It is about the connection of two friends - one Pakistan and one India.
Whether this is the first time the application is run.,ਕੀ ਇਹ ਪਹਿਲੀ ਵਾਰ ਐਪਲੀਕੇਸ਼ਨ ਚੱਲ ਰਹੀ ਹੈ।,NLLB,0.6239,0.9486,0.1857,0.796,Is this the first time the application is running?
"The district secretary of the party, Kartar Singh Bowani, city secretary Ramesh Rattan, assistant secretaries, Dr Arun Mitra and DP Maur, have described the increase as a bolt from the blue for the common man who was already reeling under difficulties.","ਪਾਰਟੀ ਦੇ ਜ਼ਿਲ੍ਹਾ ਸਕੱਤਰ ਕਰਤਾਰ ਸਿੰਘ ਬੋਵਾਨੀ, ਸ਼ਹਿਰੀ ਸਕੱਤਰੇਤ ਰਮੇਸ਼ ਰਤਨ, ਸਹਾਇਕ ਸੈਕਟਰੀ ਡਾ. ਅਰੁਣ ਮਿਤਰਾ ਅਤੇ ਡੀਪੀ ਮੌਰ ਨੇ ਇਸ ਵਾਧੇ ਨੂੰ ਆਮ ਆਦਮੀ ਲਈ ਨੀਲੇ ਰੰਗ ਦਾ ਬੱਲਟ ਦੱਸਿਆ ਹੈ।",NLLB,0.3548,0.9364,0.1285,0.7749,"Party District Secretary Kartar Singh Bhawani, Urban Secretary Ramesh Rattan, Assistant Secretary Dr. Arun Mitra and DP Maur have described the increase as a blue bolt for the common man."
"Kartarpur corridor: Punjab Assembly passes resolution, suggests land swap with Pakistan","ਕਰਤਾਰਪੁਰ ਕੋਰੀਡੋਰ: ਪੰਜਾਬ ਵਿਧਾਨ ਸਭਾ ਨੇ ਪਾਸ ਕੀਤਾ ਮਤਾ, ਪਾਕਿਸਤਾਨ ਨਾਲ ਜ਼ਮੀਨ ਬਦਲੀ ਦਾ ਸੁਝਾਅ",NLLB,0.7282,0.9938,0.2094,0.837,"Kartarpur Corridor: Punjab Legislative Assembly passes resolution, suggests land swap with Pakistan"
Singh died on the spot whole Atwal is still in critical condition.,ਸਿੰਘ ਦੀ ਮੌਕੇ ਤੇ ਹੀ ਮੌਤ ਹੋ ਗਈ ਅਤੇ ਉਸ ਦੀ ਹਾਲਤ ਗੰਭੀਰ ਹੈ।,NLLB,0.4228,0.9434,0.2292,0.8006,Singh died on the spot and his condition is serious.
A colourful function was organised in the school on the occasion.,ਇਸ ਮਾਮਲੇ 'ਚ ਸਕੂਲ 'ਚ ਰੰਗਦਾਰ ਫੰਕਸ਼ਨ ਕੀਤੀ ਗਈ।,M2M,0.2697,0.9245,0.3384,0.8072,"In this case, a colorful function was performed in the school."
"Though it is not yet confirmed, 20 teams from six continents, including last years champion India, Pakistan, Argentina, the USA, the UK, Canada, Sierra Leone, Iran, Denmark, Kenya, Spain, Scotland would reach Bathinda to participate in the inaugural function.","ਪਿਛਲੇ ਸਾਲਾਂ ਦੇ ਸ਼ਿਕਾਇਤ ਭਾਰਤ, ਪੈਕਸੀਨ, ਅੰਗਰੀਜ਼ਨ, ਅਮਰੀਕਾ, ਅਮਰੀਕਾ, ਅਮਰੀਕਾ, ਚੀਨ, ਚੀਨ, ਸ਼ੇਰਾ ਲੋਨ, ਇਰਾਨ, ਡੈਨਨ, ਕਿਨਿਨ, ਸਪੇਨ, ਸਕੂਟਲਡਾਨ ਦੇ 20 ਟੀਮਾਂ ਵਿੱਚੋਂ ਸ਼ਿਕਾਇਤ ਨਹੀਂ ਕੀਤਾ ਜਾਵੇਗਾ।",M2M,0.1578,0.8749,0.6131,0.8226,"Complaints from previous years among 20 teams from India, Pakistan, England, USA, USA, China, China, Shera Loon, Iran, Danan, Kinin, Spain, Scotland will not be complained."
The state government was receiving the sugar at subsidised rates from the Centre.,ਸੂਬਾ ਸਰਕਾਰ ਨੂੰ ਕੇਂਦਰ ਤੋਂ ਸਬਸਿਡੀ ਵਾਲੀਆਂ ਦਰਾਂ ਤੇ ਸ਼ੂਗਰ ਮਿਲ ਰਿਹਾ ਸੀ।,NLLB,0.7512,0.9829,-0.0098,0.7844,The state government was receiving sugar at subsidized rates from the Centre.
We demand action against those behind these crimes.,ਅਸੀਂ ਇਸ ਗੰਭੀਰ ਗੰਭੀਰ 'ਚ ਪੜ੍ਹਾਈ ਲਈ ਕਾਰਵਾਈ ਕਰਨ ਦੀ ਲੋੜ ਕਰ ਰਹੇ ਹਾਂ।,M2M,0.0471,0.9124,0.3858,0.807,We are demanding action for study at this critical level.
They must be released immediately and unconditionally.,ਉਨ੍ਹਾਂ ਨੂੰ ਤੁਰੰਤ ਅਤੇ ਬਿਨਾਂ ਸ਼ਰਤ ਰਿਹਾਅ ਕੀਤਾ ਜਾਣਾ ਚਾਹੀਦਾ ਹੈ।,NLLB,0.7559,0.9955,0.2175,0.8399,They should be released immediately and unconditionally.
He made his debut in Bollywood with the movie ' Mukhbiir'.,ਉਨ੍ਹਾਂ ਨੇ ਫਿਲਮ 'ਮੁਖਬੀਰ' ਨਾਲ ਬਾਲੀਵੁੱਡ 'ਚ ਸ਼ੁਰੂਆਤ ਕੀਤੀ ਸੀ।,NLLB,0.211,0.9199,0.236,0.7831,She made her Bollywood debut with the film Mukherjee.
"Even when we share with others in such calamities as earthquakes, hurricanes, floods, famines, and ravages of warfare, these do not destroy our faith or our spiritual security.","ਭਾਵੇਂ ਅਸੀਂ ਦੂਸਰਿਆਂ ਨਾਲ ਭੂਚਾਲ, ਤੂਫਾਨ, ਹੜ੍ਹ, ਭੁੱਖਮਰੀ ਅਤੇ ਜੰਗਾਂ ਦੀਆਂ ਤਬਾਹੀ ਜਿਹੀਆਂ ਮੁਸੀਬਤਾਂ ਵਿਚ ਹਿੱਸਾ ਲੈਂਦੇ ਹਾਂ, ਪਰ ਇਹ ਸਾਡੀ ਨਿਹਚਾ ਜਾਂ ਸਾਡੀ ਰੂਹਾਨੀ ਸੁਰੱਖਿਆ ਨੂੰ ਨਾਸ ਨਹੀਂ ਕਰਦੇ ।",NLLB,0.6291,0.965,0.0993,0.7919,"Although we share with others in tribulations such as earthquakes, storms, floods, famines, and war disasters, they do not destroy our faith or our spiritual security."
Each line in all colours,ਸਭ ਰੰਗਾਂ ਵਿੱਚ ਹਰ ਲਾਈਨ,M2M,0.7746,0.9923,0.5872,0.9113,Each line in all colors
The movie is reportedly going to be released soon.,ਇਸ ਫਿਲਮ ਨੂੰ ਛੇਤੀ 'ਚ ਫਿਲਟਰ ਕੀਤਾ ਜਾਵੇਗਾ।,M2M,0.0607,0.92,0.5373,0.8434,The film will be filtered soon.
Congress vice-president Rahul Gandhi had his roadshow in the city on the first day of the Test.,ਟੈਸਟ ਦੇ ਪਹਿਲੇ ਦਿਨ ਕਾਂਗਰਸ ਦੇ ਉਪ ਪ੍ਰਧਾਨ ਰਾਹੁਲ ਗਾਂਧੀ ਨੇ ਰੋਡ ਸ਼ੋਅ ਕਰਵਾਇਆ।,NLLB,0.3835,0.9506,0.447,0.8499,"On the first day of the test, Congress Vice President Rahul Gandhi held a road show."
I always wanted to become a writer.,ਮੈਂ ਹਮੇਸ਼ਾ ਕਲਾਕਾਰ ਹੋਣਾ ਚਾਹੁੰਦੇ ਹਾਂ।,M2M,0.5345,0.9785,0.6562,0.9141,I always wanted to be an artist.
A total of 600 students received scholarships during the carnival.,ਕਾਰਨੀਵੋਲ ਦੌਰਾਨ 600 ਵਿਦਿਆਰਥੀਆਂ ਨੇ ਸੈਕਟਰਫੇਸ ਪ੍ਰਾਪਤ ਕੀਤਾ।,M2M,0.2296,0.9186,0.6143,0.8578,"During Carnival, 600 students received Sectorface."
X login on %1,% 1 ਉੱਤੇ X ਲਾਗਇਨName,M2M,0.0816,0.9189,0.6594,0.867,X log on to % 1Name
Show Clutter Options,ਗੜਬੜੀ ਚੋਣਾਂ ਵੇਖੋ,NLLB,0.0,0.8448,0.3967,0.7552,Look at the messy elections
This aroused a dispute between the husband and wife.,ਇਸ ਕਾਰਨ ਪਤੀ-ਪਤਨੀ ਵਿਚਾਲੇ ਝਗੜਾ ਹੋ ਗਿਆ।,NLLB,0.4082,0.9771,0.4164,0.865,This led to a quarrel between husband and wife.
A primary way that we can grow in our love for Jehovah is to reflect on the life and ministry of Jesus.,ਯਹੋਵਾਹ ਲਈ ਸਾਡੀ ਪਸੰਦ ਵਿਚ ਮਜ਼ਬੂਤ ਕਰ ਸਕਦਾ ਹੈ ।,M2M,0.0127,0.9139,0.5809,0.8473,It can strengthen our determination to serve Jehovah.
Search on KDE's Userbase,KDE ਦੇ ਯੂਜ਼ਰ ਬੈਸ 'ਤੇ ਖੋਜ,M2M,0.2182,0.9593,0.6891,0.9052,Search on the user base of KDE
People are greatly incensed by it.,ਇਸ 'ਤੇ ਲੋਕ ਬਹੁਤ ਜ਼ਿਆਦਾ ਜ਼ਰੂਰ ਹਨ।,M2M,0.189,0.916,0.33,0.7988,People are very much in need of this.
GNOME Nibbles Game,GNOME Nibbles ਗੇਮ,NLLB,0.5774,0.9884,0.9521,0.9811,GNOME Nibbles game
He joined the PAF in 1997 and was around 24 when he was arrested in early 2004.,ਉਸ ਨੇ 1997 ਵਿੱਚ ਪੀ. ਪੀ. ਐਫ. ਵਿੱਚ ਸ਼ਾਮਲ ਕੀਤਾ ਅਤੇ 2004 ਦੀ ਸ਼ੁਰੂਆਤ ਵਿੱਚ ਉਸ ਨੂੰ ਗ੍ਰਿਫ਼ਤਾਰ ਕੀਤਾ ਗਿਆ ਸੀ।,M2M,0.5709,0.9652,0.6847,0.9091,He joined the PPF in 1997 and was arrested in early 2004.
"Amongst its various initiatives, implementations and programmes, one that requires highlighting is TRIBES Indias design initiative.","ਇਸ ਦੇ ਵੱਖ-ਵੱਖ ਪ੍ਰੋਗਰਾਮਾਂ, ਪ੍ਰੋਗਰਾਮਾਂ ਅਤੇ ਪ੍ਰੋਗਰਾਮਾਂ ਵਿਚੋਂ ਇਕ ਹੈ, ਜਿਸ ਨੂੰ ਹਾਈਲਿਟ ਕਰਨ ਦੀ ਲੋੜ ਹੈ, ਕਿ ਟ੍ਰਾਈਬਸ ਭਾਰਤ ਦੀ ਡਿਜ਼ਾਇਨ ਪ੍ਰੋਗਰਾਮ ਹੈ।",M2M,0.1919,0.9098,0.3944,0.8067,"One of its various programmes, programmes and programmes, which needs to be highlighted, is that Tribus is India's design programme."
"Connecting to server %1, please wait...","ਸਰਵਰ% 1 ਨਾਲ ਸੰਪਰਕ ਕੀਤਾ ਜਾ ਰਿਹਾ ਹੈ, ਉਡੀਕ ਕਰੋ...",M2M,0.0577,0.9052,0.4569,0.8155,"Server% 1 is being contacted, wait..."
"According to the depositories data, foreign investors pulled out a net sum of Rs 1,668.8 crore from equities.","ਡਿਪਾਜ਼ਿਟਰੀਆਂ ਦੇ ਅੰਕੜਿਆਂ ਮੁਤਾਬਕ ਵਿਦੇਸ਼ੀ ਨਿਵੇਸ਼ਕਾਂ ਨੇ ਇਕੁਇਟੀ ਤੋਂ 1,668.8 ਕਰੋੜ ਰੁਪਏ ਦੀ ਸ਼ੁੱਧ ਰਕਮ ਕੱਢੀ ਹੈ।",NLLB,0.4781,0.9541,0.0155,0.7663,"According to the data of the Depositories, foreign investors have withdrawn a net amount of Rs 1,668.8 crore from the equity."
Create a traditional audio CD,ਆਡੀਓ CD ਬਣਾਓ,M2M,0.3894,0.9576,0.6836,0.9028,Create an audio CD
There are no videos to write to disc,ਡਿਸਕ ਉੱਤੇ ਲਿਖਣ ਲਈ ਕੋਈ ਵਿਡੀਓ ਨਹੀਂ ਹੈ,M2M,0.3727,0.9511,0.3029,0.8215,There is no video to write to the disk
Most common of those are:,ਇਸ ਵਿਚੋਂ ਸਭ ਤੋਂ ਆਮ ਹਨ:,M2M,0.3162,0.9783,0.5149,0.8856,The most common of these are:
Search path for resource type,ਸਰੋਤ ਕਿਸਮ ਲਈ ਖੋਜ ਮਾਰਗ,NLLB,1.0,1.0,0.3236,0.8647,Search path for resource type
A solution to this issue should be found through discussion.,ਇਸ ਸਮੱਸਿਆ ਦਾ ਹੱਲ ਚਲਾਇਆ ਜਾਣਾ ਚਾਹੀਦਾ ਹੈ।,M2M,0.2944,0.9477,0.3317,0.8245,The solution to this problem must be implemented.
The police is still interrogating the accused.,ਪੁਲੀਸ ਮੁਲਜ਼ਮ ਦੀ ਜਾਂਚ ਕਰ ਰਹੀ ਹੈ।,M2M,0.0474,0.9467,0.357,0.8288,Police are investigating the suspect.
The seat fell vacant following the death of sitting TMC MLA Kasturi Das.,ਇਸ ਸੀਟ ਤੇ ਬੈਠੇ ਟੀ. ਐੱਮ. ਸੀ. ਦੇ ਵਿਧਾਇਕ ਕਸਤੂਰੀ ਦਾਸ ਦੀ ਮੌਤ ਤੋਂ ਬਾਅਦ ਖਾਲੀ ਹੋ ਗਈ ਹੈ।,NLLB,0.4364,0.9607,0.0993,0.7884,TMC MLA sitting in this seat has been vacant since the death of Kasturi Das.
10 mobiles recovered from two snatchers,ਦੋ ਸਨਟਚਰਾਂ ਤੋਂ 10 ਮੋਬਾਈਲ ਬਚਾਏ,M2M,0.2673,0.9165,0.4556,0.8244,10 mobile phones rescued from two sanctuaries
"It also comes in a bevy of colourful shades such as red, yellow, blue and grey.","ਇਹ ਵੀ ਰੰਗ, ਰੰਗ, ਰੰਗ, ਰੰਗ, ਰੰਗ ਅਤੇ ਰੰਗ ਦੇ ਰੰਗ ਵਿੱਚ ਆਉਂਦਾ ਹੈ।",M2M,0.2241,0.8946,0.436,0.8029,"It also comes in colour, colour, colour, colour and colour."
Starting DAO writing at %1x speed...,% 1x ਸਪੀਡ ਨਾਲ DAO ਲਿਖਣ ਸ਼ੁਰੂ ਹੋ ਰਹੀ ਹੈ...,M2M,0.0577,0.931,0.696,0.884,Starting to write DAO at a rate of % 1x...
Preview & in %1,% 1 ਵਿੱਚ ਚਲਾਓ( I),M2M,0.0707,0.8903,0.5938,0.831,Run in % 1 (I)
The Prime Minister said he is at SPIEF as a representative of 1.25 billion people.,ਪ੍ਰਧਾਨ ਮੰਤਰੀ ਨੇ ਕਿਹਾ ਕਿ ਉਹ 1.25 ਮਿਲੀਅਨ ਲੋਕ ਦੇ ਪ੍ਰਦਰਸ਼ਨੀ ਦੇ ਤੌਰ 'ਤੇ SPIEF 'ਤੇ ਹਨ।,M2M,0.5916,0.9476,0.3743,0.8329,The Prime Minister said that he is on SPIEF as a demonstration of 1.25 million people.
"An FIR has been lodged against over two dozen persons in this regard, police said.",ਪੁਲੀਸ ਨੇ ਦੱਸਿਆ ਕਿ ਇਸ ਸਬੰਧੀ ਦੋ ਦਰਜਨ ਤੋਂ ਵੱਧ ਲੋਕਾਂ ਖ਼ਿਲਾਫ਼ ਐੱਫਆਈਆਰ ਦਰਜ ਕਰਵਾਈ ਗਈ ਹੈ।,NLLB,0.4342,0.9664,0.0841,0.7899,"More than two dozen FIRs have been filed in this regard, police said."
"On being informed about the incident, police reached the spot and seized the body.",ਇਸ ਘਟਨਾ ਬਾਰੇ ਜਾਣਕਾਰੀ ਪ੍ਰਾਪਤ ਕਰਨ ਤੋਂ ਬਾਅਦ ਪੁਲੀਸ ਨੇ ਸਥਿਤੀ 'ਤੇ ਆਇਆ ਅਤੇ ਜਸ਼ਾਂ ਨੂੰ ਗ੍ਰਿਫ਼ਤਾਰ ਕੀਤਾ।,M2M,0.2582,0.9442,0.4458,0.8445,"After obtaining information about the incident, the police came to the scene and arrested Jashan."
Rebuilding all image thumbnails can take some time. Do you want to continue?,ਸਭ ਚਿੱਤਰ ਥੰਬਨੇਲ ਮੁੜ ਬਣਾਉਣ ਵਿੱਚ ਕੁਝ ਸਮਾਂ ਲੱਗ ਸਕਦਾ ਹੈ । ਕੀ ਤੁਸੀਂ ਜਾਰੀ ਰੱਖਣਾ ਚਾਹੁੰਦੇ ਹੋ?,NLLB,0.663,0.9715,0.0655,0.7903,All image thumbnails can take some time to recreate. Do you want to continue?
Do not show open documents,ਖੁੱਲ੍ਹੇ ਦਸਤਾਵੇਜ਼ ਨਾ ਵੇਖਾਓ,NLLB,0.6325,0.9754,0.3304,0.8464,Do not display open documents
Former PM Manmohan Singh arrives,ਪਿਛਲੇ ਪ੍ਰਧਾਨ ਮੰਤਰੀ ਮਨਮੂਹਨ ਸਿੰਘ ਆਇਆ ਹੈ।,M2M,0.2182,0.9333,0.3344,0.8135,Last Prime Minister Manmohan Singh has arrived.
The committee in its 103-page sixth and last report made public today on Conduct of Commonwealth Games 2010 said it has found material changes in official documents by Kalmadi to get the post of OC chief and also to have sweeping administrative control over it.,"ਕਮੇਟੀ ਨੇ ਆਪਣੀ 103-ਸਫ਼ੇ ਦੀ ਛੇਵੀਂ ਅਤੇ ਆਖਰੀ ਰਿਪੋਰਟ ਤੇ ਕਨਵੈਲਥ ਗੇਮਜ਼ 2010 ਦੇ ਸੰਚਾਲਨ ਬਾਰੇ ਅੱਜ ਜਨਤਕ ਕੀਤਾ ਹੈ, ਜਿਸ ਵਿੱਚ ਕਿਹਾ ਗਿਆ ਹੈ ਕਿ ਇਸ ਨੇ ਓਸੀ ਦੇ ਮੁਖੀ ਦੇ ਅਹੁਦੇ ਨੂੰ ਪ੍ਰਾਪਤ ਕਰਨ ਅਤੇ ਇਸ ਉੱਤੇ ਵਿਆਪਕ ਪ੍ਰਸ਼ਾਸਕੀ ਨਿਯੰਤਰਣ ਕਰਨ ਲਈ ਕਲਮਾਦੀ ਦੁਆਰਾ ਅਧਿਕਾਰਤ ਦਸਤਾਵੇਜ਼ਾਂ ਵਿੱਚ ਮਹੱਤਵਪੂਰਣ ਤਬਦੀਲੀਆਂ ਲੱਭੀਆਂ ਹਨ।",NLLB,0.4364,0.9419,0.4201,0.8375,"The Committee has made public today its sixth and final 103-page report on the operation of the Commonwealth Games 2010, stating that it has found significant changes in the documents authorised by Kalmadi to achieve the position of Head of OC and to have comprehensive administrative control over it."
Mohan Lal SSP Kathua was chief guest of the occasion.,ਇਸ ਮੌਕੇ ਮੋਹਨ ਲਾਲ ਐੱਸ. ਐਸ. ਪੀ. ਕਥੁਆ ਮੁੱਖ ਮਹਿਮਾਨ ਸਨ।,NLLB,0.5098,0.9722,0.4198,0.8618,Mohan Lal SSP Kathua was the main guest.
"""%s"" could not be opened (%s)","""%s"" ਖੋਲ੍ਹਿਆ ਨਹੀਂ ਜਾ ਸਕਿਆ (%s)",M2M,0.1003,0.9428,0.788,0.9118,"Could not open ""%s"" (%s)"
The Akonadi server is running.,ਐਕਨੋਨਾਡੀ ਸਰਵਰ ਚਲਾਇਆ ਜਾ ਰਿਹਾ ਹੈ ।,M2M,0.3162,0.9028,0.4342,0.8091,Aconody server is being operated.
& Ignore attachments,ਅਟੈਚਮੈਂਟ ਅਣਡਿੱਠ( I),NLLB,0.0,0.8622,0.261,0.7419,Attachment ignored (I)
Skip this track,ਇਹ ਟਰੈਕ ਛੱਡੋ,NLLB,0.1291,0.903,0.408,0.804,Leave this trail
"""""""Eating fruit and vegetables apparently boosts our happiness far more quickly than it improves human health, said Andrew Oswald, professor at the University of Warwick in london.""",ਲੰਡਨ ਦੀ ਵਾਰਵਿਕ ਯੂਨੀਵਰਸਿਟੀ ਦੇ ਪ੍ਰੋਫੈਸਰ ਐਂਡਰਿਊ ਓਸਵਾਲਡ ਨੇ ਕਿਹਾ ਕਿ ਫਲ ਅਤੇ ਸਬਜ਼ੀਆਂ ਖਾਣ ਨਾਲ ਸਾਡੀ ਖ਼ੁਸ਼ੀ ਤੇਜ਼ੀ ਨਾਲ ਵੱਧ ਜਾਂਦੀ ਹੈ।,NLLB,0.2459,0.9441,0.0981,0.7749,"Andrew Oswald, a professor at Warwick University in London, said that eating fruits and vegetables increases our happiness rapidly."
the Employment Register,ਕਾਰਜ ਰਜਿਸਟਰ,M2M,0.0,0.8743,0.5385,0.8072,Registration of applications
Wireless transceivers disabled by hardware switch,ਹਾਰਡਵੇਅਰ ਸਵਿੱਚ ਨਾਲ ਵਾਇਰਲੈੱਸ ਟ੍ਰਾਂਸਾਈਵਰ ਅਸਮਰੱਥ,NLLB,0.3651,0.9648,0.0226,0.7763,Wireless transceiver disabled with hardware switch
"The four accused were acquitted after 11 years, including Swami Aseemanand, who had already confessed his crime, Qureshi said.",ਕੁਰੈਸ਼ੀ ਨੇ ਕਿਹਾ ਕਿ ਸਵਾਮੀ ਆਸੀਮਾਨੰਦ ਸਮੇਤ ਚਾਰ ਮੁਲਜ਼ਮਾਂ ਨੂੰ 11 ਸਾਲ ਬਾਅਦ ਮੁਕਤ ਕਰ ਦਿੱਤਾ ਗਿਆ ਹੈ।,NLLB,0.267,0.9403,0.2245,0.7972,"Four accused, including Swami Asiamanand, have been released after 11 years, Qureshi said."
Failed to send email,ਈਮੇਲ ਭੇਜਣ ਲਈ ਫੇਲ੍ਹ,M2M,0.4082,0.95,0.3572,0.8314,Failure to send e-mails
And what can we do to make wise use of this freedom? How did the Israelites show a lack of appreciation for the freedom that Jehovah gave them?,ਅਸੀਂ ਆਪਣੀ ਆਜ਼ਾਦੀ ਦਾ ਸਹੀ ਢੰਗ ਨਾਲ ਇਸਤੇਮਾਲ ਕਰਨ ਲਈ ਕੀ ਕਰ ਸਕਦੇ ਹਾਂ?,NLLB,0.1286,0.9272,-0.005,0.7407,What can we do to make good use of our freedom?
This is a folder and not a file: %1,ਇਹ ਫੋਲਡਰ ਅਤੇ ਫਾਇਲ ਨਹੀਂ ਹੈ:% 1,M2M,0.5777,0.9458,0.6232,0.8813,This is not a folder and file:% 1
"Bapu replied, 'No sir.","ਬੱਪੂ ਨੇ ਜਵਾਬ ਕੀਤਾ, “ਸਾਇਰ ਕੋਈ ਨਹੀਂ।",M2M,0.3162,0.9269,0.5428,0.8501,"Bapu replied, ""There is none""."
"District Youth Congress president Rajwinder Singh Lucky, state Youth Congress general secretary Vipin Taneja, MC president Dharam Pal Banger, Rahon MC president Sartaj Singh Mangewal, and Rahon city Congress president Naresh Parbhakar also spoke on the occasion.","ਇਸ ਮੌਕੇ ਜ਼ਿਲ੍ਹਾ ਯੂਥ ਕਾਂਗਰਸ ਦੇ ਪ੍ਰਧਾਨ ਰਾਜਵਿੰਦਰ ਸਿੰਘ ਲੱਕੀ, ਸੂਬੇ ਦੇ ਜਨਰਲ ਸਕੱਤਰ ਵਿਪਿਨ ਤਨੈਜਾ, ਐਮਸੀ ਪ੍ਰਧਾਨ ਦਰਾਮ ਪਾਲ ਬੰਗਰ, ਰਾਹੋਨ ਐਸ ਸੀ ਪ੍ਰਧਾਨ ਸਰਤਾਜ ਸਿੰਘ ਮਨਜਵਾਲ ਅਤੇ ਰਾਹਨ ਸਿਟੀ ਪਾਰਟੀ ਪ੍ਰਧਾਨ ਨਰੇਸ਼ ਪਰਭਾਕਰ ਨੇ ਵੀ ਭਾਸ਼ਣ ਦਿੱਤਾ।",NLLB,0.3223,0.9359,0.4526,0.8392,"Rajivinder Singh Lucky, Chairman of the District Youth Congress, Secretary General of the State, Vipin Tanaja, MC Chairman Dram Paul Banger, Rahon SC Chairman Sartaj Singh Manjwal and Rahon City Party Chairman Naresh Parbhakar also made speeches on the occasion."
The accused fled with the car.,ਮੁਲਜ਼ਮਾਂ ਨੇ ਕਾਰ ਨਾਲ ਫੜਿਆ।,M2M,0.069,0.9377,0.4829,0.8467,The suspects got caught in a car.
"For one thing, most of the public festivals and games were held in honor of pagan gods.",ਪਹਿਲੀ ਗੱਲ ਇਹ ਹੈ ਕਿ ਜ਼ਿਆਦਾਤਰ ਜਨਤਕ ਤਿਉਹਾਰ ਅਤੇ ਖੇਡਾਂ ਪਗਾਨ ਦੇਵਤਿਆਂ ਦੇ ਸਨਮਾਨ ਵਿਚ ਹੁੰਦੀਆਂ ਸਨ ।,NLLB,0.5521,0.9688,0.158,0.8066,"First, most public festivals and games were held in honour of pagan gods."
Show sleep button,Sleep ਬਟਨ ਵੇਖੋ,M2M,0.0913,0.9437,0.7778,0.9105,See the Sleep button
Youths detained for carrying weapon,ਹਥਿਆਰ ਲੈ ਕੇ ਨੌਜਵਾਨ ਗ੍ਰਿਫ਼ਤਾਰ,NLLB,0.0,0.9119,0.328,0.7951,A young man with a gun was arrested.
What is mine?,ਮੈਨੂੰ ਕੀ ਹੈ?,M2M,0.1291,0.9481,0.5154,0.8616,What am I?
His health has been deteriorating for the past few weeks.,ਪਿਛਲੇ ਕੁਝ ਹਫ਼ਤਿਆਂ ਤੋਂ ਉਨ੍ਹਾਂ ਦੀ ਸਿਹਤ ਵਿਗੜ ਰਹੀ ਹੈ।,NLLB,1.0,1.0,0.0738,0.8148,His health has been deteriorating for the past few weeks.
Time position: %1,ਟਾਈਮ ਸਥਿਤੀ:% 1,M2M,0.1291,0.9521,0.6865,0.899,Time position:% 1
The police are in search of the absconding persons.,ਪੁਲੀਸ ਮੁਲਜ਼ਮਾਂ ਦੀ ਖੋਜ ਕਰ ਰਹੀ ਹੈ।,M2M,0.0495,0.9377,0.439,0.8379,Police are searching for the suspects.
This was around 1995 or so.,ਇਹ 1995 ਤੋਂ ਵੱਧ ਸੀ।,M2M,0.2582,0.8915,0.8877,0.8907,This was higher than in 1995.
& View Source,ਸਰੋਤ ਵੇਖੋ( V),M2M,0.0,0.8764,0.5493,0.811,See source (s)
Raise window when rotating,ਘੁੰਮਣ ਵੇਲੇ ਵਿੰਡੋ ਵਧਾਓ,NLLB,0.5477,0.9171,0.2083,0.7753,Enlarge the window when rotating
Would he hold back something so good from you?,ਕੀ ਉਹ ਤੁਹਾਡੇ ਤੋਂ ਇੰਨੀ ਚੰਗੀ ਗੱਲ ਛੁਪਾਏਗਾ?,NLLB,0.2357,0.9514,0.0932,0.7798,Will he hide such a good thing from you?
"The arrested were identified as Harjit Singh, Hardeep Singh (both of Davida Rehana), Dilbagh Singhof Bahadurpur, Harvinder Singh and Gurdeep Singh (both of Badla) and seized two country-made pistols, two live cartridges, two knives, two sickles, two wooden handles and 60 gram intoxicating powder from them.","ਗ੍ਰਿਫ਼ਤਾਰ ਕੀਤੇ ਗਏ ਵਿਅਕਤੀਆਂ ਦੀ ਪਛਾਣ ਹਰਜੀਤ ਸਿੰਘ, ਹਰਦੀਪ ਸਿੰਘ (ਦੋਵੇਂ ਡੇਵਿਡ ਰੇਹਾਨਾ), ਦਿਲਬਾਗ ਸਿੰਘਘੋਫ ਬਹਾਦੁਰਪੁਰ, ਹੜਵਿੰਦਰ ਸਿੰਘ ਅਤੇ ਗੁਰਦੀਪੀ ਸਿੰਘ ਦੇ ਨਾਂ ਨਾਲ ਕੀਤੀ ਗਈ ਹੈ।",NLLB,0.1754,0.9075,0.3085,0.7877,"The arrested persons have been identified as Harjit Singh, Hardeep Singh (both David Rehana), Dilbag SinghGhoff Bahadurpur, Harvendra Singh and Gurdeep Singh."
(C) 2009 Alexander Rieder,(C) 2009 Alexander Rieder,M2M,1.0,1.0,1.0,1.0,(C) 2009 Alexander Rieder
KDE 3 Default Theme,KDE 3 ਡਿਫਾਲਟ ਟੇਮ,M2M,0.7071,0.9536,0.6545,0.8937,KDE 3 Default time
Hundreds of Indian students may be deported,ਸੈਂਕੜੇ ਭਾਰਤੀ ਵਿਦਿਆਰਥੀਆਂ ਨੂੰ ਹਟਾਇਆ ਜਾ ਸਕਦਾ ਹੈ ਦੇਸ਼,NLLB,0.7559,0.9952,0.4936,0.8949,Hundreds of Indian students could be deported
Sunanda Pushkar Death Case: Shashi Tharoor charged by Delhi Police with abetment of suicide,ਸੁਨੰਦਾ ਪੁਸ਼ਕਰ ਦੀ ਮੌਤ ਦਾ ਮਾਮਲਾ: ਸ਼ਸ਼ੀ ਥਰੂਰ ਤੇ ਦਿੱਲੀ ਪੁਲੀਸ ਵੱਲੋਂ ਖ਼ੁਦਕੁਸ਼ੀ ਦਾ ਦੋਸ਼,NLLB,0.521,0.9693,0.3202,0.8395,Sunanda Pushkar death case: Shashi Tharoor charged with suicide by Delhi Police
It is produced by Deepshikha Deshmukh and Sabita Mankachand and directed by Raka.,ਇਸ ਫ਼ਿਲਮ ਦਾ ਨਿਰਦੇਸ਼ਨ ਰਾਕਾ ਨੇ ਕੀਤਾ ਹੈ ਤੇ ਇਸ ਦੀ ਪ੍ਰੋਡਿਊਸ਼ਨ ਦੀਪਸ਼ੀਕਾ ਦੇਸ਼ਮੁਖ ਅਤੇ ਸਬੀਤਾ ਮਾਨਕਚੰਦ ਨੇ ਕੀਤੀ ਹੈ।,NLLB,0.4447,0.9372,0.3066,0.8111,The film is directed by Raka and produced by Deepika Deshmukh and Sabita Manakchand.
This will stop hiccups.,ਇਹ ਹਾਈਕੂਪਾਂ ਨੂੰ ਬਚਾਉਣਗੇ।,M2M,0.3162,0.8898,0.3659,0.785,This will save the hypocopes.
He was not saying anything.,ਉਸ ਨੇ ਕੋਈ ਗੱਲ ਨਹੀਂ ਕਿਹਾ।,M2M,0.0663,0.9565,0.7924,0.9236,He said nothing.
He was not joking.,ਉਸ ਨੇ ਚਲਾਇਆ ਨਹੀਂ ਸੀ।,M2M,0.1291,0.9259,0.4013,0.821,He did not drive.
Item type (function etc.),ਆਈਟਮ ਕਿਸਮ (ਫੰਕਸ਼ਨ ਆਦਿ),NLLB,1.0,1.0,0.296,0.8592,Item type (function etc.)
Default user name:,ਡਿਫਾਲਟ ਯੂਜ਼ਰ ਨਾਮ:,M2M,1.0,1.0,0.4003,0.8801,Default user name:
India delaying talks to finalise agreement to operationalise Kartarpur corridor: Pak,ਭਾਰਤ ਨੇ ਕਰਤਾਰਪੁਰ ਲਾਂਘੇ ਨੂੰ ਸੰਚਾਲਿਤ ਕਰਨ ਲਈ ਸਮਝੌਤੇ ਨੂੰ ਅੰਤਮ ਰੂਪ ਦੇਣ ਲਈ ਗੱਲਬਾਤ ਵਿੱਚ ਦੇਰੀ ਕੀਤੀ: ਪਾਕਿ,NLLB,0.2132,0.9616,0.1475,0.7988,India delayed negotiations to finalize agreement to operate Kartarpur Corridor: Pakistan
The Bible calls those superior beings spirits and angels. Psalm 104: 4.,ਬਾਈਬਲ ਨੇ ਉਹ ਸਭ ਤੋਂ ਵਧੀਆ ਪਿਆਰਾਂ ਨੂੰ ਪਿਆਰਾਂ ਅਤੇ ਅੰਗਲਾਂ ਨੂੰ ਕਿਹਾ ਹੈ । — ਪਿੱਛਾ 104: 4.,M2M,0.1195,0.9065,0.5877,0.8427,The Bible refers to the best of these as love and affection. - Pursuit 104:4.
"The central government has also cleared a proposal for upgradation of the Civil Hospital at Hoshiarpur, thereby enhancing its bed capacity from the existing 200 to 500, with the latest medical infrastructural facilities added to the hospital.","ਮੁੱਖ ਸਰਕਾਰ ਨੇ ਹੌਸ਼ਿਰਾਫਰ ਵਿੱਚ ਸਿਫਲ ਹਸਪਤਾਲ ਦੀ ਉਤਪਾਦਨ ਲਈ ਵੀ ਉਤਪਾਦ ਕੀਤਾ ਹੈ, ਜਿਸ ਨਾਲ ਇਸ ਨੂੰ ਮੌਜੂਦ 200 ਤੋਂ 500 ਤੋਂ ਬਦਲਾਉਣ ਦੀ ਸਮਰੱਥਾ ਉਤਪਾਦਨ ਕੀਤਾ ਗਿਆ ਹੈ, ਜਿਸ ਨਾਲ ਹਸਪਤਾਲ ਵਿੱਚ ਨਵੇਂ ਮੈਡੀਕਲ ਇੰਸਟਾਲੇਸ਼ਨ ਹਸਪਤਾਲ ਸ਼ਾਮਲ ਹਨ।",M2M,0.2513,0.8966,0.3136,0.78,"The Chief Government has also produced for the production of Syphil Hospital in Hoshifar, which has replaced its existing capacity from 200 to 500, which includes new medical installation hospitals in the hospital."
Executive director of the school,ਯੂਨੀਵਰਸਿਟੀ ਦੇ ਪ੍ਰਬੰਧਕ ਡਾਇਰੈਕਟਰ,M2M,0.0663,0.9267,0.5489,0.8511,University managing director
"Whether to use the ""--driver generic-mmc-raw"" flag with cdrdao. Set to True, brasero will use it; it may be a workaround for some drives/setups.","cdrdao ਨਾਲ ""--driver generic-mmc-raw"" ਫਲੈਗ ਵਰਤਣਾ ਚਾਹੀਦਾ ਹੈ। ਸਹੀ ਲਈ ਸੈੱਟ ਕਰੋ, ਬਰਾਸੀਰੋ ਇਸ ਨੂੰ ਵਰਤਣਾ ਚਾਹੀਦਾ ਹੈ; ਇਹ ਕੁਝ ਡਰਾਇਵ / ਸੈੱਟਅੱਪ ਲਈ ਕੰਮ ਕਰ ਸਕਦਾ ਹੈ।",M2M,0.4115,0.9481,0.645,0.8875,"cdrdao should use the ""--driver generic-mmc-raw"" flag. Set for correct, Brasiro should use it; it may work for some drives/setups."
"It has no historical basis, however.",ਪਰ ਇਸ 'ਤੇ ਕੋਈ ਇਤਿਹਾਸਕ ਸਥਿਤੀ ਨਹੀਂ ਹੈ।,M2M,0.189,0.9297,0.5033,0.8444,But there is no historical position on this.
Licensing / Encroachment Department,ਲਾਇਸੈਂਸਿੰਗ / ਇੰਕਰਾਚਮਿੰਗ ਵਿਭਾਗ,M2M,0.0823,0.9146,0.6367,0.8591,Licensing/Enrollment Department
"The Election Commission had been widely criticised for not releasing the Gujarat election dates earlier, when it announced Himachal Pradesh election dates.",ਚੋਣ ਕਮਿਸ਼ਨ ਨੇ ਹਿਮਾਚਲ ਪ੍ਰਦੇਸ਼ ਚੋਣਾਂ ਦੀਆਂ ਤਾਰੀਖਾਂ ਦੀ ਘੋਸ਼ਣਾ ਕਰਦੇ ਹੋਏ ਗੁਜਰਾਤ ਦੀ ਚੋਣ ਦੀਆਂ ਤਰੀਕਾਂ ਦਾ ਐਲਾਨ ਨਾ ਕਰਨ ਦੀ ਵੱਡੀ ਆਲੋਚਨਾ ਕੀਤੀ ਸੀ।,NLLB,0.4782,0.9647,0.0184,0.7754,The Election Commission had criticized Gujarat for not announcing election dates when announcing Himachal Pradesh election dates.
"Yes, we met Mithali, Harman and the manager.","ਯਕੀਨੀ ਹੈ, ਅਸੀਂ ਮਿੱਥਲੀ, ਹਾਰਮਨ ਅਤੇ ਮੈਨਜਰ ਨਾਲ ਪਸੰਦ ਕਰ ਰਹੇ ਹਾਂ।",M2M,0.0527,0.9004,0.325,0.7853,"Sure, we are choosing with Mithli, Harmon and Manager."
"Not only is Jehovah our King but he is also our Father our loving, heavenly Father.",ਯਹੋਵਾਹ ਸਿਰਫ਼ ਸਾਡਾ ਰਾਜਾ ਹੀ ਨਹੀਂ ਬਲਕਿ ਸਾਡਾ ਪਿਤਾ ਵੀ ਹੈ ।,NLLB,0.3006,0.9311,0.6828,0.8814,Jehovah is not only our King but also our Father.
"Therefore, we do well to ask ourselves: Have I allowed the anxieties of life to push me off course?",ਇਸ ਲਈ ਸਾਨੂੰ ਆਪਣੇ ਆਪ ਤੋਂ ਪੁੱਛਣਾ ਚਾਹੀਦਾ ਹੈ:  ਕੀ ਮੈਂ ਜ਼ਿੰਦਗੀ ਦੀਆਂ ਚਿੰਤਾਵਾਂ ਨੂੰ ਮੈਨੂੰ ਰਸਤੇ ਤੋਂ ਦੂਰ ਕਰਨ ਦਿੱਤਾ ਹੈ?,NLLB,0.1748,0.956,-0.0567,0.7534,So we should ask ourselves: 'Have I allowed life's worries to distract me?
Starting %1 process.,% 1 ਕਾਰਜ ਸ਼ੁਰੂ ਕੀਤਾ ਜਾ ਰਿਹਾ ਹੈ ।,M2M,0.0,0.9044,0.768,0.8771,Operation % 1 is being started.
"Once again Indian government has resorted to a self serving, reckless and fictitious claim.","ਭਾਰਤ ਸਰਕਾਰ ਨੇ ਇਕ ਵਾਰ ਫਿਰ ਸਵੈ-ਸੇਵਾ, ਬੇਰਹਿਮੀ ਅਤੇ ਕਥਿਤ ਦਾਅਵੇ ਦਾ ਸਹਾਰਾ ਲਿਆ ਹੈ।",NLLB,0.1657,0.9284,0.4423,0.8311,"The Government of India has once again resorted to self-service, cruelty and alleged claims."
They have demanded the police to arrest and punish the guilty.,ਪੁਲਿਸ ਨੇ ਦੋਸ਼ੀਆਂ ਨੂੰ ਗ੍ਰਿਫ਼ਤਾਰ ਕਰਨ ਅਤੇ ਸਜ਼ਾ ਦੇਣ ਦੀ ਮੰਗ ਕੀਤੀ ਹੈ।,NLLB,0.4369,0.9668,0.4593,0.8653,The police have demanded the arrest and punishment of the accused.
You need to supply a username and a password to access this site.,ਇਸ ਸਾਈਟ ਤੱਕ ਪਹੁੰਚਣ ਲਈ ਤੁਹਾਨੂੰ ਇੱਕ ਯੂਜ਼ਰ ਨਾਂ ਅਤੇ ਪਾਸਵਰਡ ਦੇਣਾ ਪਵੇਗਾ ।,NLLB,0.3079,0.9553,0.2417,0.8126,"To access this site, you must enter a username and password."
"Could not read the postId, not a string or an integer.","postId, ਕੋਈ ਸਤਰ ਜਾਂ ਪੂਰਨ ਅੰਕ ਨਹੀਂ ਪੜ੍ਹਿਆ ਜਾ ਸਕਿਆ ।",NLLB,0.029,0.929,0.4536,0.8339,"PostId, no strings or integers could be read."
It is not even past.,ਇਹ ਪਿਛਲੇ ਵੀ ਨਹੀਂ ਹੈ।,M2M,0.2582,0.9422,0.817,0.9171,This is not the past either.
Both these services have already started in the month of July.,ਇਹ ਦੋਵੇਂ ਸੇਵਾਵਾਂ ਜੁਲਾਈ ਮਹੀਨੇ ਤੋਂ ਸ਼ੁਰੂ ਹੋ ਚੁੱਕੀਆਂ ਹਨ।,NLLB,0.3436,0.9692,0.0979,0.7949,Both of these services have started from July.
Children dont need words to express themselves.,ਬੱਚੇ ਨੂੰ ਆਪਣੇ ਆਪ ਨੂੰ ਪ੍ਰਗਟ ਕਰਨ ਲਈ ਸ਼ਬਦ ਦੀ ਲੋੜ ਨਹੀਂ ਹੈ.,NLLB,0.4082,0.9748,0.2455,0.8289,A child does not need words to express himself.
Mark all messages in the selected thread as read,ਚੁਣੇ ਗਏ ਥਰਿੱਡ ਵਿੱਚ ਸਭ ਸੁਨੇਹੇ ਪੜ੍ਹੇ ਵਜੋਂ ਮਾਰਕ ਕਰੋ,NLLB,0.866,0.9832,0.077,0.8019,Mark all messages as read in the selected thread
GULZAR Singh Sandhu is a well-known short story writer of Punjabi.,ਗੁਲਜ਼ਾਰ ਸਿੰਘ ਸੰਧੂ ਪੰਜਾਬੀ ਦੀ ਇੱਕ ਮਸ਼ਹੂਰ ਕਹਾਣੀਕਾਰ ਹੈ।,NLLB,0.3182,0.9488,0.3359,0.8262,Gulzar Singh Sandhu is a famous Punjabi storyteller.
"""Prime Minister's Office PM's interaction with Secretaries PM: Credit for pro-incumbency must go to the team of officialsPM: Mandate reflects the will and aspirations of the people to change the status quo, and seek a better life for themselves.PM: All Ministries must focus on steps to improve """"Ease of Living"""" The Prime Minister, Shri Narendra Modi, today interacted with all Secretaries to the Government of India, at LokKalyan Marg.""",ਮੁੱਖ ਮੰਤਰੀ ਦੇ ਅਫਸਰ ਦੇ ਪ੍ਰਧਾਨ ਮੰਤਰੀ ਦੇ ਸਕੱਤਰਾਂ ਨਾਲ ਸੰਪਰਕ: ਪ੍ਰੋ-ਇੰਕਮਪੇਸ਼ਨ ਲਈ ਕ੍ਰੈਡਿਟ ਸਰਕਾਰਾਂ ਦੀ ਟੀਮ ਵਿੱਚ ਜਾਣਾ ਚਾਹੀਦਾ ਹੈ। ਪ੍ਰਧਾਨ ਮੰਤਰੀ: ਮੈਨਡਿਟ ਨੇ ਭਾਰਤ ਸਰਕਾਰ ਦੇ ਸਾਰੇ ਸਕੱਤਰਾਂ ਨਾਲ ਸੰਪਰਕ ਕੀਤਾ ਹੈ।,M2M,0.0981,0.8627,0.3112,0.7524,Contact of the Chief Minister's Officer with the Prime Minister's Secretaries: Credits for pro-incorporation should go to the Governments team. Prime Minister: Mandate has contacted all the Secretaries of the Government of India.
"Ravinder Raina, BJP state president. Kavinder Gupta, former Deputy CM. Jugal Kishore Sharma, Lok Sabha MP. and Ashok Khajuria, MLC, garlanded Arun Dev and all his supporters at the party headquarters.","ਭਾਜਪਾ ਦੇ ਰਾਜ ਪ੍ਰਧਾਨ ਰਵੀਂਦਰ ਰਾਇਨਾ, ਸਾਬਕਾ ਡਿਪਟੀ ਮੁੱਖ ਮੰਤਰੀ ਕਵਿੰਦਰ ਗੁਪਤਾ, ਲੋਕ ਸਭਾ ਦੇ ਸੰਸਦ ਮੈਂਬਰ ਜੂਗਲ ਕਿਸ਼ੋਰ ਸ਼ਰਮਾ ਅਤੇ ਐਮਐਲਸੀ ਦੇ ਅਸ਼ੋਕ ਖਜੂਰੀਆ ਨੇ ਅਰੁਣ ਦੇਵ ਅਤੇ ਉਨ੍ਹਾਂ ਦੇ ਸਾਰੇ ਸਮਰਥਕਾਂ ਨੂੰ ਪਾਰਟੀ ਦੇ ਮੁੱਖ ਦਫ਼ਤਰ 'ਚ ਪੇਸ਼ ਕੀਤਾ।",NLLB,0.3564,0.9439,0.3802,0.8312,"BJP State President Raveendra Raina, Former Deputy Chief Minister Kovinder Gupta, Lok Sabha MP Jugal Kishore Sharma and MLC's Ashok Khajuria introduced Arun Deva and all his supporters to the party headquarters."
"Venice police chief Vito Gagliardi told the ANSA news agency that the thieves managed to delay the triggering of the alarm system, allowing them to escape.","ਵੇਨਿਸ ਪੁਲਿਸ ਮੁਖੀ ਵਿਟੋ ਗੈਗਲੀਅਰਡੀ ਨੇ ਏਐਨਐਸਏ ਖ਼ਬਰ ਏਜੰਸੀ ਨੂੰ ਦੱਸਿਆ ਕਿ ਚੋਰ ਅਲਾਰਮ ਸਿਸਟਮ ਨੂੰ ਚਲਾਉਣ ਵਿੱਚ ਦੇਰੀ ਕਰਨ ਵਿੱਚ ਕਾਮਯਾਬ ਰਹੇ, ਜਿਸ ਨਾਲ ਉਨ੍ਹਾਂ ਨੂੰ ਬਚਣ ਦੀ ਆਗਿਆ ਮਿਲੀ।",NLLB,0.719,0.9884,0.159,0.8225,"Venice Police Chief Vito Gagliardi told ANSA news agency that the thieves managed to delay the operation of the alarm system, which allowed them to escape."
Jehovah God lovingly holds out the prospect of a better life in Paradise to all who do his will.,ਯਹੋਵਾਹ ਪਰਮੇਸ਼ੁਰ ਨੇ ਉਸ ਦੀ ਇੱਛਾ ਪੂਰੀ ਕਰਨ ਵਾਲਿਆਂ ਨੂੰ ਫਿਰਦੌਸ ਵਿਚ ਬਿਹਤਰ ਜ਼ਿੰਦਗੀ ਦੀ ਉਮੀਦ ਦਿੱਤੀ ਹੈ ।,NLLB,0.6398,0.9701,0.2293,0.822,Jehovah God has given the hope of a better life in Paradise to those who do his will.
"A three-judge panel of the US Second Circuit Court of Appeals threw out the case, dismissing charges levelled by rights group Sikhs for Justice that the Congress was responsible for the killings and the riots that followed the assassination of then Prime Minister Indira Gandhi.","ਅਮਰੀਕਾ ਦੀ ਦੂਜੀ ਸਰਕਟ ਅਪੀਲ ਅਦਾਲਤ ਦੇ ਤਿੰਨ ਜੱਜਾਂ ਦੀ ਪੈਨਲ ਨੇ ਮੁਕੱਦਮਾ ਖਾਰਜ ਕਰ ਦਿੱਤਾ ਹੈ, ਜਿਸ ਨੇ ਹੱਕ ਸਮੂਹ ਸਿੱਖ ਫਾਰ ਜਸਟਿਸ ਵੱਲੋਂ ਉਠਾਏ ਦੋਸ਼ਾਂ ਨੂੰ ਰੱਦ ਕੀਤਾ ਹੈ ਕਿ ਕਾਂਗਰਸ ਕਤਲੇਆਮ ਅਤੇ ਤਤਕਾਲੀ ਪ੍ਰਧਾਨ ਮੰਤਰੀ ਇੰਦਰਾ ਗਾਂਧੀ ਦੀ ਹੱਤਿਆ ਤੋਂ ਬਾਅਦ ਹੋਏ ਦੰਗਿਆਂ ਲਈ ਜ਼ਿੰਮੇਵਾਰ ਹੈ।",NLLB,0.6697,0.9758,0.1689,0.8145,"A three-judge panel of the US Court of Appeals for the Second Circuit has dismissed the case, dismissing allegations made by the rights group Sikhs for Justice that Congress is responsible for the massacre and riots after the assassination of then Prime Minister Indira Gandhi."
Water crisis in Punjab is becoming serious day by day.,ਪੰਜਾਬ ਵਿੱਚ ਪਾਣੀ ਦਾ ਸੰਕਟ ਦਿਨੋ-ਦਿਨ ਵਧਦਾ ਜਾ ਰਿਹਾ ਹੈ।,NLLB,0.6236,0.9781,0.3684,0.8562,The water crisis in Punjab is increasing day by day.
"""""""The temple holds special significance for Hindus as it is the only shrine in the world which has a """"""""natural statue"""""""" of Hanuman that is not man-made, Maharaj said.""""""","ਮਹਰਾਜ ਨੇ ਕਿਹਾ ਕਿ ਇਹ ਮਸ਼ਹੂਰ ਹਿੰਡੂਸ ਲਈ ਵਿਸ਼ੇਸ਼ ਮਹੱਤਵਪੂਰਨ ਹੈ, ਕਿਉਂਕਿ ਇਸ ਨੂੰ ਵਿਸ਼ਵ ਵਿੱਚ ਸਭ ਤੋਂ ਵਧੀਆ ਮਸ਼ਹੂਰ ਹੈ, ਜੋ ਕਿ ਹਾਨਮਾਨ ਦੇ ਇੱਕ ""ਸਾਮਾਨਿਕ ਸਟੇਜ"" ਹੈ, ਜੋ ਕਿ ਲੋਕ ਨਹੀਂ ਬਣਾਇਆ ਹੈ।",M2M,0.2357,0.8793,0.3186,0.7672,"The Maharaja said that it is especially important for the famous Hindus, as it is the best known in the world, which is a ""common stage"" of Hanman, which has not been built by the people."
Indian hockey coach to train budding players,ਭਾਰਤੀ ਹਾਕੀ ਕੋਚ ਵਲੋਂ ਨਵੇਂ ਖਿਡਾਰੀਆਂ ਦੀ ਸਿਖਲਾਈ,NLLB,0.378,0.9436,0.1457,0.7841,Training of new players by Indian hockey coach
The deceased was not identified yet.,ਜ਼ਖ਼ਮੀ ਦੀ ਪਛਾਣ ਵੀ ਨਹੀਂ ਕੀਤਾ ਗਿਆ।,M2M,0.0816,0.9399,0.5156,0.8551,The injuries have not been identified.
The PM's Portugal visit is the second visit by an Indian Prime Minister to Portugal.,ਪ੍ਰਧਾਨ ਮੰਤਰੀ ਦਾ ਪੁਰਤਗਾਲ ਦਾ ਇਹ ਦੂਜਾ ਭਾਰਤ ਦੇ ਪ੍ਰਧਾਨਮੰਤਰੀ ਦਾ ਦੌਰਾ ਹੈ।,NLLB,0.3586,0.9589,0.0947,0.7861,This is the Prime Minister's second visit to Portugal by the Prime Minister of India.
Start search service,ਖੋਜ ਸੇਵਾ ਸ਼ੁਰੂ ਕਰੋ,M2M,0.5,0.9779,0.4757,0.8775,Start a search service
"Thus, its crucial to consult a doctor if your kid has the following symptoms.",ਇਸ ਲਈ ਜੇ ਤੁਹਾਡਾ ਬੱਚਾ ਹੇਠ ਲਿਖੇ ਲੱਛਣਾਂ ਤੋਂ ਪੀੜਤ ਹੈ ਤਾਂ ਡਾਕਟਰ ਕੋਲ ਜਾਣਾ ਬਹੁਤ ਜ਼ਰੂਰੀ ਹੈ ।,NLLB,0.3208,0.9597,0.0885,0.7854,"Therefore, it is very important to see a doctor if your child suffers from the following symptoms:"
"According to an internal arrangement between the Akali Dal and the BJP, the post of Mayor stays with the Akali Dal while the posts of Senior Deputy Mayor and Deputy Mayor will remain with the BJP.",ਅਕਾਲੀ ਦਲ ਅਤੇ ਭਾਜਪਾ ਵਿਚਾਲੇ ਅੰਦਰੂਨੀ ਵਿਵਸਥਾ ਅਨੁਸਾਰ ਮੇਅਰ ਦਾ ਅਹੁਦਾ ਅਕਾਲੀ ਦਲਾਂ ਦੇ ਨਾਲ ਹੀ ਰਹੇਗਾ ਜਦਕਿ ਸੀਨੀਅਰ ਡਿਪਟੀ ਮੈਅਰ ਅਤੇ ਉਪ-ਮੈਅਰ ਦੀ ਅਸਾਮੀਆਂ ਵੀ ਬੀਜੇਪੀ ਦੇ ਕੋਲ ਹੀ ਰਹਿਣਗੀਆਂ।,NLLB,0.8054,0.9815,0.3172,0.8486,"According to the internal arrangement between the Akali Party and the BJP, the post of Mayor will remain with the Akali parties while the posts of Senior Deputy Mayor and Deputy Mayor will remain with the BJP."
"The Prime Minister, Shri Narendra Modi, will launch the Stand Up India initiative at Noida tomorrow.",ਪ੍ਰਧਾਨ ਮੰਤਰੀ ਸ਼੍ਰੀ ਨਰੇਂਦਰ ਮੋਦੀ ਕੱਲ੍ਹ ਨੋਇਡਾ ਵਿਖੇ ਸਟੈਂਡ ਅਪ ਇੰਡੀਆ ਪਹਿਲਕਦਮੀ ਦਾ ਉਦਘਾਟਨ ਕਰਨਗੇ।,NLLB,0.6325,0.99,0.181,0.8282,"The Prime Minister, Shri Narendra Modi will inaugurate the Stand Up India Initiative in Noida tomorrow."
Railway Police checking baggage of passengers at City Railway Station.,ਰੇਲਵੇ ਪੁਲੀਸ ਨੇ ਸਿਟੀ ਰੇਲਵੇ ਸਟੇਸ਼ਨ 'ਚ ਜਹਾਜ਼ਾਂ ਦੀ ਜਹਾਜ਼ ਚੈੱਕ ਕਰ ਰਹੀ ਹੈ।,M2M,0.4369,0.9461,0.4696,0.8508,Railway Police are checking the aircraft at the City Railway Station.
The state also elects 5 members to Lok Sabha and 3 seats to Rajya Sabha of the Parliament of India.,ਇਸ ਤੋਂ ਇਲਾਵਾ ਸੂਬੇ ਵਿਚ ਲੋਕ ਸਭਾ ਦੀਆਂ ਪੰਜ ਸੀਟਾਂ ਤੇ ਸੰਸਦ ਦੀਆਂ ਤਿੰਨ ਰਾਜ ਸਭਾਵਾਂ ਹਨ।,NLLB,0.1399,0.9354,0.0077,0.7499,"In addition, the state has five Lok Sabha seats and three Rajya Sabhas of Parliament."
Move something into the empty Tableau slot,ਕੁਝ ਖਾਲੀ ਟੇਬਲੌ ਸਲਾਟ ਵਿੱਚ ਭੇਜੋ,NLLB,0.0489,0.8618,0.2482,0.7391,Send some empty tablows to slots
Wheat crop on 11 acres gutted,11 ਏਕੜ ਖੇਤ 'ਚ ਕਣਕ ਦੀ ਫਸਲ ਕਟਾਈ,NLLB,0.0816,0.9242,0.5368,0.8467,Wheat Harvested in 11 Acre Field
%1 - %2,% 1 -% 2,M2M,0.0707,0.971,0.98,0.9728,% 1 - % 2
What is charity?,ਚੈਰਿਟੀ ਕੀ ਹੈ?,NLLB,1.0,1.0,0.3157,0.8631,What is charity?
Turn on this option to use original filenames without modifications.,ਬਿਨਾਂ ਕਿਸੇ ਸੋਧ ਦੇ ਅਸਲੀ ਫਾਇਲ ਨਾਂ ਵਰਤਣ ਲਈ ਇਹ ਚੋਣ ਚਾਲੂ ਕਰੋ ।,NLLB,0.3693,0.9536,0.0149,0.7659,Enable this option to use the original file name without any modification.
"The Minister also gave lengthy hearing to the demands of colonizers from across the state during the meeting such as amendment in building rules, rationalization of licensing fee, moratorium for defaulters, quick disposal of cases & approvals etc","ਮੀਟਿੰਗ ਦੌਰਾਨ ਮੰਤਰੀ ਨੇ ਰਾਜ ਭਰ ਦੇ ਬਸਤੀਵਾਸੀਆਂ ਦੀਆਂ ਮੰਗਾਂ ਜਿਵੇਂ ਕਿ ਬਿਲਡਿੰਗ ਨਿਯਮਾਂ ਵਿੱਚ ਸੋਧ, ਲਾਇਸੈਂਸ ਫੀਸ ਦੀ ਤਰਕਸ਼ੀਲਤਾ, ਡਿਫਾਲਟਰਾਂ ਲਈ ਮੋਰੈਟੋਰੀਅਮ, ਕੇਸ ਤੇਜ਼ ਨਿਪਟਾਰਾ ਅਤੇ ਪ੍ਰਵਾਨਗੀ ਆਦਿ ਦੀ ਲੰਬੀ ਸੁਣਵਾਈ ਕੀਤੀ।",NLLB,0.3673,0.9442,0.0644,0.7682,"During the meeting, the Minister listened at length to the demands of settlers across the state such as amendment of building regulations, reasonableness of license fees, moratorium for defaulters, expedited settlement and approval of cases etc."
"He grew up there, but his family hailed from Zaidi Sadat Kandipur (or Kadipur) near Jalalpur town in Ambedkar Nagar District, Uttar Pradesh.","ਉਹ ਉੱਥੋਂ ਵੱਡਾ ਹੋਇਆ, ਪਰ ਉਸਦਾ ਪਰਿਵਾਰ ਉੱਤਰ ਪ੍ਰਦੇਸ਼ ਦੇ ਅੰਬੇਡਕਰ ਨਗਰ ਜ਼ਿਲੇ ਦੇ ਜਾਲਪੁਰ ਕਸਬੇ ਨੇੜੇ ਜ਼ੈਦੀ ਸਦਤ ਕਾਂਡੀਪੁਰ (ਜਾਂ ਕਾਦੀਪੁਰ) ਤੋਂ ਆਇਆ ਸੀ।",NLLB,0.6255,0.9758,0.113,0.8032,"He grew up there, but his family came from Zayed Sadat Kandypur (or Kadipur) near Jalpur town in Ambedkar Nagar district of Uttar Pradesh."
There was no fight within the family.,ਪਰਿਵਾਰ ਵਿਚ ਕੋਈ ਝਗੜਾ ਨਹੀਂ ਹੋਇਆ।,NLLB,0.5976,0.9757,0.5726,0.895,There was no quarrel in the family.
High Print Quality,ਹਾਈ ਪ੍ਰਿੰਟ ਗੁਣਵੱਤਾ,M2M,0.1291,0.9923,0.3495,0.8637,High print quality
"The faithful angel was held up for 21 days until Michael, one of the foremost princes, came to help him.",ਮਾਈਕਲ ਨੇ ਉਸ ਦੀ ਮਦਦ ਕਰਨ ਲਈ ਮਾਈਕਲ ਦੇ ਸਭ ਤੋਂ ਵਧੀਆ ਪ੍ਰਿੰਸਾਂ ਵਿੱਚੋਂ 21 ਦਿਨ ਤਿਆਰ ਕੀਤਾ ਸੀ ।,M2M,0.1896,0.8572,0.3671,0.7592,Michael had prepared 21 days of Michael's best princes to help him.
& kde; User Mailing List,& kde; ਯੂਜ਼ਰ ਮਾਈਲਿੰਗ ਲਿਸਟ,M2M,0.3162,0.9606,0.3935,0.8472,& kde; user mailing list
Why the change of tack?,ਕਿਉਂ ਬਦਲਿਆ ਟਾਕ?,NLLB,0.7746,0.9789,0.6329,0.9097,Why the change of tone?
"Kashish Jha, actor Ramesh Singh, Deepak Kumar, Rajendra Sngh, and Rakesh Singh were present with others on the occasion.","ਇਸ ਮੌਕੇ ਰਾਕੇਸ਼ ਸਿੰਘ, ਕਸ਼ਿਸ਼ ਝਾ, ਅਭਿਨੇਤਾ ਰਮੇਸ਼ ਸਿੰਘ ਅਤੇ ਦੀਪਕ ਕੁਮਾਰ ਹਾਜ਼ਰ ਸਨ।",NLLB,0.266,0.9353,0.5392,0.8561,"Rakesh Singh, Kashish Jha, actor Ramesh Singh and Deepak Kumar were present."
Anjuta _Home Page,Anjuta_Home ਪੇਜ਼,M2M,0.0,0.9722,0.8964,0.9571,Anjuta_Home page
"Traders said, positive trend overseas and rise in demand from local jewellers led to upward movement in the prices of yellow metal.",ਵਪਾਰੀਆਂ ਨੇ ਕਿਹਾ ਕਿ ਵਿਦੇਸ਼ਾਂ ਵਿੱਚ ਸਕਾਰਾਤਮਕ ਰੁਝਾਨ ਅਤੇ ਸਥਾਨਕ ਗਹਿਣਿਆਂ ਦੀ ਮੰਗ ਵਿੱਚ ਵਾਧੇ ਨੇ ਪੀਲੇ ਧਾਤ ਦੀਆਂ ਕੀਮਤਾਂ ਵਿੱਚ ਵਾਧਾ ਕੀਤਾ ਹੈ।,NLLB,0.3079,0.9562,0.1464,0.7942,Traders said that positive trends abroad and increased demand for local jewelry have led to higher prices of yellow metal.
A case of rape has been registered against three persons.,ਤਿੰਨ ਵਿਅਕਤੀਆਂ ਖ਼ਿਲਾਫ਼ ਬਲਾਤਕਾਰ ਦਾ ਮਾਮਲਾ ਦਰਜ ਕੀਤਾ ਗਿਆ ਹੈ।,NLLB,0.7074,0.9899,0.4891,0.8898,A rape case has been registered against three persons.
Haryana to celebrate 350th birth anniversary of Guru Gobind Singh,ਹਰਿਆਣਾ ਚ ਗੁਰੂ ਗੋਬਿੰਦ ਸਿੰਘ ਦੀ 350ਵੀਂ ਵਰ੍ਹੇਗੰਢ,NLLB,0.4415,0.9561,0.3647,0.8378,350th Birthday of Guru Gobind Singh in Haryana
Too much sugar consumption can increase the risk of heart diseases,ਬਹੁਤ ਜ਼ਿਆਦਾ ਸ਼ੂਗਰ ਦੀ ਖਪਤ ਦਿਲ ਦੀਆਂ ਬਿਮਾਰੀਆਂ ਦਾ ਖ਼ਤਰਾ ਵਧਾ ਸਕਦੀ ਹੈ।,NLLB,0.7137,0.973,0.0313,0.7846,Excessive sugar consumption can increase the risk of heart disease.
Aam Aadmi Party chief Arvind Kejriwal,ਆਮ ਅਦਮੀ ਪਾਰਟੀ ਦੇ ਪ੍ਰਧਾਨ ਆਰਵਿਡ ਕੇਜਰੀਵਾਲ,M2M,0.378,0.9334,0.4407,0.8348,Chairman of the Aam Aadmi Party Arvid Kejriwal
"But, a few days later, we were shooting outdoors for a crucial scene and were suddenly told to pack up.","ਪਰ, ਕੁਝ ਦਿਨ ਬਾਅਦ, ਅਸੀਂ ਇੱਕ ਮਹੱਤਵਪੂਰਣ ਸੀਨ ਲਈ ਬਾਹਰੀ ਸ਼ੂਟਿੰਗ ਕਰ ਰਹੇ ਸੀ ਅਤੇ ਅਚਾਨਕ ਸਾਨੂੰ ਕਿਹਾ ਗਿਆ ਕਿ ਪੈਕ ਕਰੋ.",NLLB,0.5078,0.9723,-0.0127,0.7753,"But, a few days later, we were out shooting for an important scene and suddenly we were asked to pack."
"ASI Swinderpal Singh, Investigating Officer (IO), said the deceased has been identified as Jasbir Singh (35) of Bhagupur village and his son Manpreet Singh.",ਜਾਂਚ ਅਧਿਕਾਰੀ (ਆਈਓ) ਏਐੱਸਆਈ ਸਵਿੰਦਰਪਾਲ ਸਿੰਘ ਨੇ ਦੱਸਿਆ ਕਿ ਮ੍ਰਿਤਕ ਦੀ ਪਛਾਣ ਭਗਪੁਰ ਪਿੰਡ ਦੇ ਜਸਬੀਰ ਸਿੰਘ (35) ਅਤੇ ਉਨ੍ਹਾਂ ਦੇ ਪੁੱਤਰ ਮਨਪ੍ਰੀਤ ਸਿੰਘ ਵਜੋਂ ਹੋਈ ਹੈ।,NLLB,0.7071,0.9788,0.4453,0.8721,Investigative Officer (IO) ASI Swinderpal Singh said that the deceased has been identified as Jasbir Singh (35) of Bhagpur village and his son Manpreet Singh.
"Could not write definition file ""%s"": %s","ਫਾਇਲ ""%s"" ਦੀ ਡਿਫਾਇਲ ਨਹੀਂ ਲਿਖਿਆ ਜਾ ਸਕਿਆ:%s",M2M,0.069,0.9445,0.8258,0.9208,"Failure to write the default file ""%s"":%s"
"Vidya Sagar Sharma as cashiers, Nitin Kanotra as advisor, Rahul Sharma as general secretary and Suresh Chowdhary and Ramesh Chander as members.","ਵਿਦਿਆ ਸਾਗਰ ਸ਼ਰਮਾ ਕੈਸ਼ੀਅਰ, ਨਿਤਿਨ ਕਾਨੋਤਰਾ ਸਲਾਹਕਾਰ, ਰਾਹੁਲ ਸ਼ਰਮ ਜਨਰਲ ਸਕੱਤਰ ਅਤੇ ਸੁਰੇਸ਼ ਚੌਧਰੀ ਅਤੇ ਰਮੇਸ਼ ਚੰਦਰ ਮੈਂਬਰ ਹਨ।",NLLB,0.3918,0.9278,0.4717,0.8366,"Vidya Sagar Sharma Kasir, Nitin Kanotra Counsellor, Rahul Sharma General Secretary and Suresh Chaudhary and Ramesh Chandra are members."
Remove users from old file share group,ਪੁਰਾਣੇ ਫਾਇਲ ਸ਼ੇਅਰ ਗਰੁੱਪ ਵਿੱਚੋਂ ਯੂਜ਼ਰ ਹਟਾਓ,NLLB,0.6901,0.9845,0.1658,0.8207,Remove users from old file sharing groups
Congress president Sonia Gandhi and Rahul were in the Lok Sabha during the incident.,ਇਸ ਘਟਨਾ ਦੌਰਾਨ ਕਾਂਗਰਸ ਪ੍ਰਧਾਨ ਸੋਨੀਆ ਗਾਂਧੀ ਤੇ ਰਾਹੁਲ ਲੋਕ ਸਭਾ ਵਿਚ ਮੌਜੂਦ ਸਨ।,NLLB,0.4447,0.9777,0.2273,0.8276,"During the incident, Congress President Sonia Gandhi and Rahul were present in Lok Sabha."
"6 teens killed, 2 hurt in US SUV crash","ਅਮਰੀਕਾ ਦੇ ਸਵੀਵ ਕ੍ਰੈਸ਼ 'ਚ 6 ਬੱਚਿਆਂ ਦੀ ਜ਼ਖ਼ਮੀ, 2 ਜ਼ਖ਼ਮੀ",M2M,0.0471,0.9321,0.3366,0.813,"Six children injured, two injured in a U.S. swimwear crash"
Please replace the disc with a writable CD with at least %i MiB of free space.,ਡਿਸਕ ਨੂੰ %i MiB ਖਾਲੀ ਖੇਤਰ ਨਾਲ ਇੱਕ ਲਿਖਣਯੋਗ CD ਨਾਲ ਬਦਲੋ ਜਾਓ।,M2M,0.2965,0.952,0.741,0.9098,Replace the disk with a writeable CD with %i MiB space.
"This keeps skin shiny, soft and supple.","ਇਸ ਨਾਲ ਚਮੜੀ ਚਮਕਦਾਰ, ਨਰਮ ਅਤੇ ਨਿਰਵਿਘਨ ਰਹਿੰਦੀ ਹੈ.",NLLB,0.2673,0.96,0.2561,0.8192,"It keeps the skin bright, soft and smooth."
Failed to start setup transaction,ਸੈੱਟਅੱਪ ਸੰਚਾਰ ਸ਼ੁਰੂ ਕਰਨ ਲਈ ਫੇਲ੍ਹ,NLLB,0.5477,0.9499,-0.0327,0.7534,Failure to start setup communication
"They use their powerful jaws, serrated teeth and sharp claws for both predation and defense.","ਉਹ ਆਪਣੇ ਸ਼ਕਤੀਸ਼ਾਲੀ ਚੂਚੀਆਂ, ਤਿੱਖੇ ਦੰਦਾਂ ਅਤੇ ਕੱਟੇ ਹੋਏ ਨਹੁੰਆਂ ਦੀ ਵਰਤੋਂ ਘੁਸਪੈਠ ਅਤੇ ਬਚਾਅ ਦੋਵਾਂ ਲਈ ਕਰਦੇ ਹਨ.",NLLB,0.488,0.9357,0.1088,0.7703,"They use their powerful tits, sharp teeth, and cut nails for both penetration and defense."
We have entered into agreements with many countries for exchanging real time information on black money.,ਅਸੀਂ ਕਾਲੇ ਧਨ ਬਾਰੇ ਰੀਅਲ ਟਾਈਮ ਜਾਣਕਾਰੀ ਦੇ ਆਦਾਨ-ਪ੍ਰਦਾਨ ਲਈ ਕਈ ਦੇਸ਼ਾਂ ਨਾਲ ਸਮਝੌਤੇ ਕੀਤੇ ਹਨ।,NLLB,0.4311,0.9827,0.6748,0.9211,We have signed agreements with several countries to exchange real-time information on black money.
General and OBC category candidates will have to pay application fee of Rs Rs 600 and SC/ST category candidates will have to pay Rs 400 as application fee.,ਜਨਰਲ ਤੇ ਓਬੀਸੀ ਵਰਗ ਦੇ ਉਮੀਦਵਾਰਾਂ ਨੂੰ 600 ਰੁਪਏ ਅਤੇ ਐਸਸੀ/ਐੱਸਟੀ ਵਰਗਾਂ ਨੂੰ 400 ਰੁਪਏ ਦੀ ਅਰਜ਼ੀ ਫੀਸ ਦੇਣੀ ਪਵੇਗੀ।,NLLB,0.565,0.9777,0.3441,0.851,General and OBC category candidates will have to pay an application fee of Rs 600 and SC/ST category Rs 400.
Base Card: Queen,ਬੇਸ ਕਾਰਡ: ਰੀਨ,M2M,0.1291,0.9488,0.409,0.8409,Base card: Rhin
"According to defence officials, India has an older version of these radars in Seychelles, Mauritious and Sri Lanka.","ਰੱਖਿਆ ਅਧਿਕਾਰੀਆਂ ਮੁਤਾਬਕ ਭਾਰਤ ਕੋਲ ਇਨ੍ਹਾਂ ਰਡਾਰਾਂ ਦਾ ਪੁਰਾਣਾ ਵਰਜਨ ਸੈਸ਼ੇਲਜ਼, ਮੌਰਿਟਿਯਸ ਅਤੇ ਸ੍ਰੀਲੰਕਾ ਵਿੱਚ ਹੈ।",NLLB,0.9129,0.9714,0.1114,0.7994,"According to defence officials, India has an older version of these radars in Seychelles, Mauritius and Sri Lanka."
BATHINDA: Two persons have been killed in two road accidents while two others suffered injuries in Bathinda district.,ਬਠਿੰਡਾ ਜ਼ਿਲ੍ਹੇ ਚ ਦੋ ਸੜਕ ਹਾਦਸਿਆਂ ਵਿੱਚ ਦੋ ਲੋਕਾਂ ਦੀ ਮੌਤ ਹੋ ਗਈ ਹੈ ਜਦਕਿ ਦੋ ਹੋਰ ਜ਼ਖ਼ਮੀ ਹੋ ਗਏ ਹਨ।,NLLB,0.4834,0.9554,0.0511,0.7745,Two people have been killed and two others injured in two road accidents in Bhatinda district.
"Dr Ashok Kumar, Additional Director of Research, deliberated",ਐਡੀਸ਼ਨਲ ਡਾਇਰੈਕਟਰ ਆਫ਼ ਰਿਸਰਚ ਡਾ. ਅਸ਼ੋਕ ਕੁਮਾਰ,NLLB,0.3783,0.9473,0.1627,0.7904,Additional Director of Research Dr. Ashok Kumar
"Akali stalwart Jathedar Gurcharan Singh Tohra, who lorded over the Shiromani Gurdwara Parbandhak Committee for over quarter a century, was a leader most dedicated to the Panth after Master Tara Singh, stated historian and former GNDU Vice-Chancellor Dr JS Grewal during Gurcharan Singh Tohra Memorial Function organised by the Sikh Education Society (SES) at Sri Guru Gobind Singh College here today.",ਸਿੱਖ ਸਿੱਖਿਆ ਸੁਸਾਇਟੀ (ਐੱਸ. ਈ. ਐੱਸ.) ਵੱਲੋਂ ਅੱਜ ਇੱਥੇ ਆਯੋਜਿਤ ਗੁਰਚੇਰਨ ਸਿੰਘ ਤੋਹਰਾ ਸਮਾਰਕ ਸਮਾਗਮ ਦੌਰਾਨ ਇਤਿਹਾਸਕਾਰ ਤੇ ਸਾਬਕਾ ਜੀ. ਐੱਨ. ਡੀ. ਯੂ. ਦੇ ਉਪ ਚਾਂਸਲਰ ਡਾ. ਜੇ. ਐਸ. ਗ੍ਰੇਵਾਲ ਨੇ ਕਿਹਾ ਕਿ ਸ਼ਿਰੋਮਣੀ ਗੁਰਦਵਰਾ ਪਰਬੰਧਕ ਕਮੇਟੀ ਦਾ ਰਾਜਾ ਜਥੇਦਾਰ ਗੁੜਚਾਰੇਣ ਸਿੰਘ ਟੋਹੜਾ ਮਾਸਟਰ ਤਾਰਾ ਸਿੰਘ ਤੋਂ ਬਾਅਦ ਪੰਥ ਨੂੰ ਸਭ ਤੋਂ ਵੱਧ ਸਮਰਪਿਤ ਨੇਤਾ ਸਨ।,NLLB,0.3391,0.9013,0.2883,0.7787,"Dr. J.S. Grewal, a historian and former GNDU Vice Chancellor, during the Gurcheran Singh Memorial Ceremony organised by the Sikh Education Society (SES) here today, said that Shiromani Gurudevra was the most devoted leader to the sect after Raja Jathedar Gurcharan Singh Tohra Master Tara Singh of the Gurudevra Management Committee."
Safi had mentioned several of Nawab Sahab's friends who come in contact with Faridi.,ਸਫ਼ੀ ਨੇ ਨਵਾਬ ਸਾਹਿਬ ਦੇ ਕਈ ਦੋਸਤਾਂ ਦਾ ਜ਼ਿਕਰ ਕੀਤਾ ਸੀ ਜੋ ਫਰੀਦੀ ਦੇ ਸੰਪਰਕ ਵਿੱਚ ਆਉਂਦੇ ਹਨ।,NLLB,0.8018,0.984,0.181,0.8234,Safi had mentioned several friends of Nawab Sahib who come in contact with Faridi.
Do not use Xvfb,Xvfb ਵਰਤੋਂ ਨਹੀਂ,M2M,0.1308,0.9517,0.8752,0.9364,Xvfb not used
The package could not be installed from untrusted origin.,ਪੈਕ ਨੂੰ ਗ਼ੈਰ- ਭਰੋਸੇਯੋਗ ਮੂਲ ਤੋਂ ਇੰਸਟਾਲ ਨਹੀਂ ਕੀਤਾ ਜਾ ਸਕਿਆ ।,NLLB,0.5164,0.9498,0.2628,0.8124,The pack could not be installed from an unreliable source.
Display an icon in the notification area for controlling Banshee.,ਬਾਂਸ਼ੀ ਕੰਟਰੋਲ ਕਰਨ ਲਈ ਨੋਟੀਫਿਕੇਸ਼ਨ ਖੇਤਰ ਵਿੱਚ ਆਈਕਾਨ ਵੇਖੋ ।,M2M,0.4264,0.9326,0.3635,0.8188,See the icon in the notification area to control the hash.
Foods to avoid during pregnancy,ਗਰਭ ਅਵਸਥਾ ਦੌਰਾਨ ਖਾਣ-ਪੀਣ ਤੋਂ ਬਚੋ,NLLB,0.2582,0.9309,0.606,0.8659,Avoid eating and drinking during pregnancy
His mother's eye,ਉਸ ਦੇ ਮਾਪੀ ਦੀ ਚਿੱਤਰ,M2M,0.0,0.8899,0.3327,0.7785,A picture of her parents
"The accused Jehanzeb Surkheli killed his two wives, daughter, son and daughter-in-law after a fight over a petty issue in KPK's Batagram district.","ਕੇਪੀਕੇ ਦੇ ਬਟਗਰਾਮ ਜ਼ਿਲ੍ਹੇ ਵਿੱਚ ਇੱਕ ਮਾਮੂਲੀ ਮੁੱਦੇ ਤੇ ਲੜਾਈ ਤੋਂ ਬਾਅਦ ਮੁਲਜ਼ਮ ਜਹੰਜੇਬ ਸੁਰਖੇਲੀ ਨੇ ਆਪਣੀਆਂ ਦੋ ਪਤਨੀਆਂ, ਧੀ, ਪੁੱਤਰ ਅਤੇ ਲਾੜੀ ਦੀ ਹੱਤਿਆ ਕਰ ਦਿੱਤੀ ਹੈ।",NLLB,0.462,0.9424,-0.036,0.7467,"Murderer Jahangeb Surkhali has murdered his two wives, daughter, son and daughter-in-law after fighting over a minor issue in Batgram district of KPK."
"""""""After the Alok Verma incident, CBI does not have any credibility.""",ਅਲੌਕ ਵਿਰਮਾ ਦੇ ਘਟਨਾ ਤੋਂ ਬਾਅਦ ਸੀਬੀਆਈ 'ਚ ਕੋਈ ਭਰੋਸੇਯੋਗਤਾ ਨਹੀਂ ਹੈ।,M2M,0.1508,0.9404,0.3931,0.8309,There is no credibility in the CBI after the Alok Virma incident.
Data DVD successfully burned,ਡਾਟਾ DVD ਠੀਕ ਤਰ੍ਹਾਂ ਲਿਖਿਆ ਜਾ ਰਿਹਾ ਹੈ,M2M,0.2582,0.9141,0.4101,0.8133,Data DVD is being written correctly
After which leave the mixture to cool.,ਇਸ ਤੋਂ ਬਾਅਦ ਮਿਕਸ ਨੂੰ ਖੋਲ੍ਹੋ.,M2M,0.0431,0.9269,0.3501,0.8116,Then open the mixture.
nine of clubs,ਕਲੱਬ ਦੇ ਨੌਂ,NLLB,0.0913,0.9158,0.5943,0.8515,Nine of the club
